ride_id,pickup_lat,pickup_lon,dropoff_lat,dropoff_lon,ride_timestamp,fare_amount
1,12.9716,77.5946,12.9716,77.5946,2024-03-13 11:06:00,160.2
2,12.9352,77.6245,12.9352,77.6245,2024-03-16 12:55:00,89.12
3,12.2958,76.6394,12.9716,77.5946,2024-03-10 16:08:00,92.16
4,12.9352,77.6245,12.9716,77.5946,2024-03-16 17:15:00,139.48
5,13.035,77.5888,12.9867,77.5277,2024-03-12 20:11:00,252.14
6,13.008,77.561,12.9716,77.5946,2024-03-12 03:35:00,364.16
7,13.008,77.561,13.035,77.5888,2024-03-12 02:27:00,146.89
8,13.008,77.561,12.9352,77.6245,2024-03-11 09:19:00,220.97
9,13.008,77.561,12.9141,77.6387,2024-03-17 04:51:00,169.03
10,12.9716,77.5946,12.8446,77.6636,2024-03-16 10:25:00,106.17
11,12.2958,76.6394,12.9352,77.6245,2024-03-16 14:44:00,181.93
12,13.035,77.5888,12.9141,77.6387,2024-03-16 21:39:00,136.53
13,12.9716,77.5946,12.9716,77.5946,2024-03-12 22:13:00,397.88
14,12.9716,77.5946,12.2958,76.6394,2024-03-11 11:34:00,221.06
15,12.2958,76.6394,12.9141,77.6387,2024-03-12 04:24:00,216.58
16,12.9352,77.6245,13.035,77.5888,2024-03-11 03:29:00,324.11
17,12.9352,77.6245,12.2958,76.6394,2024-03-12 04:37:00,258.02
18,13.008,77.561,12.2958,76.6394,2024-03-14 00:33:00,429.28
19,12.9716,77.5946,12.2958,76.6394,2024-03-10 16:45:00,412.27
20,12.2958,76.6394,13.035,77.5888,2024-03-11 02:04:00,144.94
21,13.035,77.5888,12.9141,77.6387,2024-03-12 18:03:00,344.95
22,12.2958,76.6394,12.8446,77.6636,2024-03-11 23:00:00,169.2
23,12.9352,77.6245,13.035,77.5888,2024-03-16 23:37:00,242.8
24,13.035,77.5888,12.9867,77.5277,2024-03-14 10:50:00,148.69
25,12.9352,77.6245,12.8446,77.6636,2024-03-11 08:49:00,390.1
26,12.9716,77.5946,13.008,77.561,2024-03-12 03:41:00,406.44
27,12.2958,76.6394,12.9352,77.6245,2024-03-14 17:04:00,221.73
28,12.2958,76.6394,13.035,77.5888,2024-03-16 15:04:00,437.35
29,12.9716,77.5946,12.9352,77.6245,2024-03-16 10:37:00,387.9
30,13.008,77.561,12.9352,77.6245,2024-03-13 16:08:00,245.64
31,12.2958,76.6394,12.9716,77.5946,2024-03-13 07:55:00,487.35
32,12.9352,77.6245,12.9352,77.6245,2024-03-13 17:29:00,428.75
33,13.035,77.5888,12.2958,76.6394,2024-03-12 01:44:00,218.26
34,12.9352,77.6245,12.9716,77.5946,2024-03-17 03:33:00,195.87
35,12.9716,77.5946,12.9352,77.6245,2024-03-14 11:07:00,445.42
36,13.008,77.561,12.2958,76.6394,2024-03-10 23:49:00,158.39
37,13.035,77.5888,12.9352,77.6245,2024-03-11 07:23:00,379.36
38,12.9716,77.5946,13.008,77.561,2024-03-11 19:03:00,346.89
39,13.035,77.5888,13.008,77.561,2024-03-13 08:22:00,287.45
40,13.035,77.5888,12.9867,77.5277,2024-03-12 17:50:00,468.01
41,12.9352,77.6245,13.035,77.5888,2024-03-14 20:57:00,497.82
42,13.008,77.561,12.8446,77.6636,2024-03-16 05:19:00,253.17
43,12.9352,77.6245,12.2958,76.6394,2024-03-11 01:29:00,202.14
44,13.035,77.5888,12.2958,76.6394,2024-03-17 00:41:00,149.1
45,12.9716,77.5946,12.9716,77.5946,2024-03-12 22:30:00,80.33
46,12.9716,77.5946,12.9141,77.6387,2024-03-11 03:20:00,281.37
47,13.008,77.561,12.8446,77.6636,2024-03-12 18:30:00,292.66
48,13.035,77.5888,12.8446,77.6636,2024-03-13 02:21:00,403.08
49,12.2958,76.6394,12.2958,76.6394,2024-03-11 09:45:00,93.62
50,12.2958,76.6394,12.9141,77.6387,2024-03-15 03:39:00,-235.0
51,12.9716,77.5946,12.9352,77.6245,2024-03-11 00:33:00,231.18
52,13.008,77.561,12.9352,77.6245,2024-03-13 03:53:00,136.22
53,13.035,77.5888,12.8446,77.6636,2024-03-11 22:16:00,239.85
54,13.008,77.561,12.8446,77.6636,2024-03-13 04:12:00,443.52
55,12.9716,77.5946,12.8446,77.6636,2024-03-16 14:16:00,94.06
56,13.035,77.5888,12.9716,77.5946,2024-03-11 09:28:00,466.87
57,12.9352,77.6245,13.008,77.561,2024-03-14 22:58:00,268.54
58,12.9352,77.6245,12.9867,77.5277,2024-03-11 00:00:00,124.09
59,12.9716,77.5946,12.9867,77.5277,2024-03-13 08:25:00,466.93
60,12.2958,76.6394,12.2958,76.6394,2024-03-15 03:30:00,363.47
61,13.035,77.5888,12.8446,77.6636,2024-03-12 02:16:00,135.45
62,12.9352,77.6245,12.9716,77.5946,2024-03-16 22:09:00,381.08
63,12.9716,77.5946,12.9141,77.6387,2024-03-10 23:36:00,72.56
64,12.2958,76.6394,13.008,77.561,2024-03-10 23:31:00,482.35
65,12.9716,77.5946,13.008,77.561,2024-03-11 02:42:00,317.77
66,12.9352,77.6245,12.9867,77.5277,2024-03-11 16:44:00,473.72
67,13.035,77.5888,12.2958,76.6394,2024-03-16 22:05:00,317.53
68,13.035,77.5888,12.9352,77.6245,2024-03-15 02:28:00,345.82
69,13.035,77.5888,12.9141,77.6387,2024-03-13 07:12:00,141.92
70,13.008,77.561,12.2958,76.6394,2024-03-13 08:31:00,228.1
71,13.008,77.561,12.8446,77.6636,2024-03-13 22:20:00,468.06
72,12.9716,77.5946,12.9716,77.5946,2024-03-15 13:08:00,329.52
73,13.035,77.5888,12.9352,77.6245,2024-03-11 04:00:00,291.94
74,13.035,77.5888,13.035,77.5888,2024-03-11 20:10:00,469.97
75,12.9716,77.5946,12.2958,76.6394,2024-03-14 12:54:00,0.0
76,12.2958,76.6394,13.035,77.5888,2024-03-16 08:26:00,53.52
77,13.035,77.5888,13.035,77.5888,2024-03-11 12:17:00,472.52
78,12.9352,77.6245,13.035,77.5888,2024-03-11 15:31:00,450.37
79,13.035,77.5888,13.008,77.561,2024-03-13 10:22:00,176.79
80,12.9352,77.6245,12.9141,77.6387,2024-03-12 15:35:00,359.37
81,13.008,77.561,12.8446,77.6636,2024-03-13 04:34:00,457.4
82,12.9716,77.5946,12.9352,77.6245,2024-03-15 03:39:00,423.21
83,12.9716,77.5946,12.9716,77.5946,2024-03-14 03:04:00,397.0
84,13.008,77.561,13.008,77.561,2024-03-15 08:39:00,298.26
85,12.2958,76.6394,12.9716,77.5946,2024-03-11 14:32:00,83.86
86,12.9352,77.6245,12.9716,77.5946,2024-03-14 12:49:00,312.13
87,12.9352,77.6245,12.9867,77.5277,2024-03-11 18:48:00,68.82
88,13.008,77.561,12.9716,77.5946,2024-03-14 09:42:00,144.53
89,12.9352,77.6245,12.9352,77.6245,2024-03-14 08:34:00,401.05
90,12.2958,76.6394,13.008,77.561,2024-03-13 00:38:00,439.07
91,12.9352,77.6245,12.9867,77.5277,2024-03-10 14:46:00,130.71
92,13.008,77.561,12.9867,77.5277,2024-03-13 03:45:00,170.06
93,12.9716,77.5946,12.9867,77.5277,2024-03-10 18:34:00,436.37
94,12.9352,77.6245,12.2958,76.6394,2024-03-15 13:41:00,207.35
95,12.9352,77.6245,12.2958,76.6394,2024-03-10 14:27:00,347.01
96,12.2958,76.6394,12.9141,77.6387,2024-03-13 12:04:00,438.96
97,13.008,77.561,12.9141,77.6387,2024-03-16 03:06:00,229.86
98,13.035,77.5888,12.9141,77.6387,2024-03-10 15:32:00,101.9
99,13.008,77.561,13.008,77.561,2024-03-16 22:32:00,483.14
100,13.008,77.561,12.9716,77.5946,2024-03-11 13:36:00,-318.46
101,13.008,77.561,12.9141,77.6387,2024-03-15 07:09:00,322.79
102,13.035,77.5888,12.9352,77.6245,2024-03-14 17:11:00,454.78
103,12.9352,77.6245,13.035,77.5888,2024-03-10 20:07:00,368.95
104,12.9716,77.5946,12.2958,76.6394,2024-03-14 11:27:00,244.08
105,13.008,77.561,12.9141,77.6387,2024-03-11 18:01:00,373.89
106,13.008,77.561,13.035,77.5888,2024-03-14 23:31:00,196.78
107,13.008,77.561,13.008,77.561,2024-03-12 12:23:00,239.2
108,12.2958,76.6394,13.008,77.561,2024-03-16 19:24:00,185.43
109,13.035,77.5888,12.9716,77.5946,2024-03-13 18:58:00,179.11
110,12.2958,76.6394,12.9141,77.6387,2024-03-15 14:58:00,248.8
111,12.9352,77.6245,12.8446,77.6636,2024-03-12 06:20:00,346.48
112,13.008,77.561,12.9141,77.6387,2024-03-11 09:30:00,418.29
113,12.9352,77.6245,13.035,77.5888,2024-03-12 21:20:00,412.95
114,12.9352,77.6245,12.9716,77.5946,2024-03-10 20:37:00,160.18
115,12.2958,76.6394,12.9352,77.6245,2024-03-15 12:21:00,236.5
116,13.035,77.5888,12.2958,76.6394,2024-03-14 16:51:00,272.47
117,12.9352,77.6245,13.008,77.561,2024-03-10 09:30:00,451.7
118,12.9716,77.5946,12.9867,77.5277,2024-03-12 19:45:00,129.15
119,13.035,77.5888,12.8446,77.6636,2024-03-10 21:42:00,300.83
120,,,,,2024-03-11 20:24:00,410.64
121,13.035,77.5888,12.9141,77.6387,2024-03-15 08:51:00,325.69
122,13.035,77.5888,12.9867,77.5277,2024-03-16 13:36:00,250.66
123,12.9352,77.6245,12.8446,77.6636,2024-03-15 10:53:00,166.64
124,12.9352,77.6245,13.035,77.5888,2024-03-16 06:20:00,268.07
125,12.9352,77.6245,13.035,77.5888,2024-03-15 08:06:00,84.87
126,13.008,77.561,12.2958,76.6394,2024-03-13 10:11:00,201.13
127,13.035,77.5888,12.9352,77.6245,2024-03-11 21:47:00,117.87
128,12.2958,76.6394,13.008,77.561,2024-03-12 18:25:00,78.9
129,12.2958,76.6394,12.9141,77.6387,2024-03-16 12:10:00,259.67
130,12.9716,77.5946,12.2958,76.6394,2024-03-15 02:43:00,225.26
131,13.035,77.5888,12.9716,77.5946,2024-03-16 21:12:00,221.17
132,12.9716,77.5946,12.9141,77.6387,2024-03-13 17:32:00,389.06
133,12.2958,76.6394,12.2958,76.6394,2024-03-15 21:19:00,148.74
134,12.2958,76.6394,12.8446,77.6636,2024-03-10 15:55:00,224.99
135,12.2958,76.6394,13.008,77.561,2024-03-15 15:37:00,463.79
136,13.035,77.5888,12.9716,77.5946,2024-03-14 19:35:00,316.35
137,12.9716,77.5946,12.9352,77.6245,2024-03-15 05:02:00,111.06
138,12.2958,76.6394,13.008,77.561,2024-03-10 21:43:00,167.07
139,13.008,77.561,12.2958,76.6394,2024-03-15 12:09:00,197.08
140,12.2958,76.6394,13.035,77.5888,2024-03-15 03:06:00,163.52
141,12.9716,77.5946,12.8446,77.6636,2024-03-10 13:17:00,387.06
142,12.9716,77.5946,12.9141,77.6387,2024-03-12 21:13:00,342.56
143,12.9716,77.5946,12.9716,77.5946,2024-03-13 03:31:00,139.71
144,12.9716,77.5946,13.008,77.561,2024-03-13 01:08:00,106.8
145,12.9716,77.5946,12.2958,76.6394,2024-03-15 14:59:00,364.76
146,13.008,77.561,13.008,77.561,2024-03-17 05:26:00,323.26
147,12.9716,77.5946,13.008,77.561,2024-03-13 20:56:00,98.64
148,12.9716,77.5946,13.035,77.5888,2024-03-16 21:13:00,354.81
149,12.2958,76.6394,12.9867,77.5277,2024-03-12 14:09:00,84.2
150,12.9352,77.6245,,,2024-03-13 18:21:00,-432.63
151,13.035,77.5888,12.9352,77.6245,2024-03-16 18:32:00,402.19
152,13.008,77.561,12.9867,77.5277,2024-03-14 13:11:00,81.03
153,13.008,77.561,12.9716,77.5946,2024-03-15 02:42:00,420.05
154,12.9716,77.5946,12.9867,77.5277,2024-03-14 10:54:00,336.01
155,12.2958,76.6394,13.008,77.561,2024-03-15 06:55:00,129.26
156,13.035,77.5888,13.035,77.5888,2024-03-16 10:57:00,398.59
157,12.2958,76.6394,12.9867,77.5277,2024-03-17 01:47:00,170.78
158,12.9352,77.6245,12.9352,77.6245,2024-03-13 12:09:00,446.73
159,12.9352,77.6245,12.8446,77.6636,2024-03-16 19:36:00,324.65
160,12.2958,76.6394,12.9141,77.6387,2024-03-10 15:50:00,272.44
161,13.008,77.561,13.008,77.561,2024-03-15 21:08:00,145.45
162,13.008,77.561,12.9141,77.6387,2024-03-13 12:21:00,446.14
163,13.008,77.561,12.9716,77.5946,2024-03-16 05:04:00,476.63
164,12.9716,77.5946,12.2958,76.6394,2024-03-14 22:58:00,269.86
165,12.9352,77.6245,12.8446,77.6636,2024-03-15 22:01:00,251.68
166,12.9716,77.5946,12.9352,77.6245,2024-03-13 16:20:00,149.72
167,12.9352,77.6245,13.035,77.5888,2024-03-16 22:48:00,216.06
168,13.035,77.5888,12.9141,77.6387,2024-03-15 04:11:00,498.48
169,13.035,77.5888,12.9141,77.6387,2024-03-14 08:04:00,366.28
170,13.008,77.561,13.035,77.5888,2024-03-13 04:38:00,153.74
171,12.9352,77.6245,12.9141,77.6387,2024-03-11 16:38:00,384.3
172,12.9352,77.6245,12.2958,76.6394,2024-03-12 19:05:00,382.37
173,13.008,77.561,13.035,77.5888,2024-03-11 11:27:00,424.68
174,13.008,77.561,12.2958,76.6394,2024-03-14 10:32:00,130.75
175,12.9716,77.5946,13.008,77.561,2024-03-13 10:54:00,70.48
176,12.9716,77.5946,13.035,77.5888,2024-03-11 18:28:00,337.04
177,12.2958,76.6394,12.9352,77.6245,2024-03-10 11:20:00,308.33
178,12.2958,76.6394,12.8446,77.6636,2024-03-15 08:16:00,203.32
179,12.9716,77.5946,13.035,77.5888,2024-03-15 18:27:00,101.34
180,12.9716,77.5946,12.9716,77.5946,2024-03-15 22:16:00,83.34
181,12.9716,77.5946,13.008,77.561,2024-03-12 00:44:00,415.01
182,13.008,77.561,12.9352,77.6245,2024-03-13 03:46:00,103.3
183,12.2958,76.6394,12.2958,76.6394,2024-03-16 06:41:00,221.17
184,12.2958,76.6394,13.035,77.5888,2024-03-17 00:42:00,495.51
185,13.008,77.561,12.9716,77.5946,2024-03-17 06:28:00,482.05
186,12.9716,77.5946,12.2958,76.6394,2024-03-12 17:37:00,169.09
187,12.9716,77.5946,13.008,77.561,2024-03-13 01:29:00,128.22
188,12.9716,77.5946,13.008,77.561,2024-03-10 08:43:00,233.83
189,13.035,77.5888,12.8446,77.6636,2024-03-13 15:31:00,64.69
190,13.008,77.561,13.035,77.5888,2024-03-15 11:58:00,82.03
191,12.9352,77.6245,13.035,77.5888,2024-03-17 01:03:00,347.53
192,12.9352,77.6245,12.9867,77.5277,2024-03-11 15:20:00,295.05
193,12.9352,77.6245,13.035,77.5888,2024-03-11 22:50:00,82.13
194,12.9352,77.6245,13.035,77.5888,2024-03-17 02:29:00,387.03
195,13.035,77.5888,13.035,77.5888,2024-03-15 07:55:00,105.96
196,13.008,77.561,12.9867,77.5277,2024-03-13 10:20:00,275.21
197,12.2958,76.6394,12.8446,77.6636,2024-03-11 05:57:00,319.12
198,12.2958,76.6394,12.9141,77.6387,2024-03-17 04:51:00,162.67
199,12.9716,77.5946,12.2958,76.6394,2024-03-16 21:04:00,314.21
200,12.9716,77.5946,13.035,77.5888,2024-03-16 21:21:00,-68.1
201,12.9352,77.6245,12.8446,77.6636,2024-03-16 05:42:00,343.18
202,13.008,77.561,13.008,77.561,2024-03-16 23:50:00,246.15
203,12.2958,76.6394,12.9352,77.6245,2024-03-15 16:20:00,206.58
204,13.008,77.561,12.9141,77.6387,2024-03-11 12:33:00,435.98
205,13.008,77.561,12.9867,77.5277,2024-03-15 23:17:00,179.7
206,12.2958,76.6394,12.9716,77.5946,2024-03-15 12:11:00,89.63
207,13.008,77.561,12.9141,77.6387,2024-03-11 15:39:00,486.58
208,12.2958,76.6394,12.9716,77.5946,2024-03-16 12:09:00,257.89
209,12.9716,77.5946,12.2958,76.6394,2024-03-16 05:34:00,212.8
210,12.2958,76.6394,12.8446,77.6636,2024-03-10 22:05:00,141.6
211,13.035,77.5888,13.008,77.561,2024-03-13 14:39:00,247.15
212,12.2958,76.6394,12.9352,77.6245,2024-03-10 15:52:00,487.92
213,13.035,77.5888,12.2958,76.6394,2024-03-12 03:14:00,189.84
214,12.9716,77.5946,12.9867,77.5277,2024-03-11 09:27:00,151.12
215,12.9716,77.5946,12.8446,77.6636,2024-03-11 16:04:00,341.47
216,12.9352,77.6245,12.8446,77.6636,2024-03-13 15:41:00,278.99
217,13.008,77.561,12.9867,77.5277,2024-03-15 19:45:00,491.11
218,12.9352,77.6245,12.8446,77.6636,2024-03-16 14:31:00,115.09
219,12.9352,77.6245,13.008,77.561,2024-03-11 03:03:00,174.31
220,12.2958,76.6394,12.9141,77.6387,2024-03-16 02:38:00,170.23
221,12.9716,77.5946,13.035,77.5888,2024-03-13 17:31:00,426.86
222,13.035,77.5888,12.8446,77.6636,2024-03-12 00:34:00,250.95
223,12.2958,76.6394,12.9141,77.6387,2024-03-14 02:46:00,298.36
224,13.035,77.5888,12.9867,77.5277,2024-03-15 12:20:00,469.78
225,12.9352,77.6245,12.2958,76.6394,2024-03-16 20:08:00,0.0
226,12.2958,76.6394,12.9716,77.5946,2024-03-13 22:53:00,385.12
227,12.2958,76.6394,12.9867,77.5277,2024-03-12 01:32:00,272.9
228,12.9716,77.5946,13.008,77.561,2024-03-16 01:09:00,484.41
229,13.008,77.561,12.9352,77.6245,2024-03-15 08:13:00,94.87
230,12.2958,76.6394,12.9716,77.5946,2024-03-11 23:21:00,234.49
231,12.9352,77.6245,12.9352,77.6245,2024-03-15 16:12:00,401.69
232,13.008,77.561,12.9141,77.6387,2024-03-14 20:32:00,342.43
233,13.008,77.561,12.9867,77.5277,2024-03-13 22:28:00,332.06
234,12.2958,76.6394,12.9716,77.5946,2024-03-11 02:41:00,155.65
235,13.008,77.561,12.2958,76.6394,2024-03-11 08:40:00,245.29
236,12.9716,77.5946,12.9352,77.6245,2024-03-15 09:09:00,124.86
237,13.008,77.561,12.9716,77.5946,2024-03-10 20:33:00,195.97
238,12.9716,77.5946,13.035,77.5888,2024-03-14 09:53:00,218.68
239,12.9352,77.6245,12.2958,76.6394,2024-03-16 09:02:00,235.42
240,,,,,2024-03-12 07:48:00,85.54
241,12.2958,76.6394,12.2958,76.6394,2024-03-15 23:53:00,460.77
242,12.9352,77.6245,12.2958,76.6394,2024-03-15 13:55:00,337.06
243,12.2958,76.6394,13.035,77.5888,2024-03-10 10:33:00,454.51
244,12.2958,76.6394,13.035,77.5888,2024-03-16 13:15:00,121.09
245,12.2958,76.6394,12.9141,77.6387,2024-03-17 00:26:00,184.62
246,12.2958,76.6394,13.035,77.5888,2024-03-15 12:44:00,430.39
247,12.9352,77.6245,12.9867,77.5277,2024-03-15 19:56:00,97.99
248,12.2958,76.6394,12.9141,77.6387,2024-03-16 20:57:00,183.14
249,13.008,77.561,12.9716,77.5946,2024-03-14 20:04:00,173.52
250,13.035,77.5888,12.9716,77.5946,2024-03-17 05:35:00,-385.33
251,13.008,77.561,12.2958,76.6394,2024-03-17 05:46:00,410.87
252,12.9352,77.6245,12.2958,76.6394,2024-03-13 04:26:00,354.99
253,12.9352,77.6245,12.9352,77.6245,2024-03-10 18:45:00,189.02
254,12.2958,76.6394,12.9716,77.5946,2024-03-16 22:15:00,214.19
255,12.9352,77.6245,12.9352,77.6245,2024-03-13 16:35:00,197.02
256,12.2958,76.6394,13.008,77.561,2024-03-12 14:49:00,109.47
257,13.035,77.5888,12.9141,77.6387,2024-03-16 08:57:00,275.81
258,13.008,77.561,13.008,77.561,2024-03-13 06:10:00,461.32
259,12.2958,76.6394,13.035,77.5888,2024-03-14 04:29:00,411.9
260,12.2958,76.6394,12.9352,77.6245,2024-03-11 22:26:00,389.37
261,12.9352,77.6245,12.9867,77.5277,2024-03-16 16:11:00,214.6
262,12.2958,76.6394,12.9716,77.5946,2024-03-13 08:12:00,291.46
263,12.2958,76.6394,12.9141,77.6387,2024-03-13 07:35:00,313.05
264,13.008,77.561,12.9352,77.6245,2024-03-12 23:50:00,262.16
265,13.035,77.5888,12.9141,77.6387,2024-03-17 06:35:00,149.62
266,12.9716,77.5946,12.8446,77.6636,2024-03-13 18:31:00,342.16
267,12.9716,77.5946,13.008,77.561,2024-03-10 20:22:00,475.82
268,13.008,77.561,12.8446,77.6636,2024-03-11 15:42:00,93.74
269,13.035,77.5888,13.008,77.561,2024-03-14 18:07:00,254.14
270,13.035,77.5888,12.9867,77.5277,2024-03-17 00:22:00,384.02
271,12.9352,77.6245,12.9867,77.5277,2024-03-11 11:02:00,425.16
272,13.035,77.5888,12.9867,77.5277,2024-03-13 12:23:00,64.72
273,13.008,77.561,12.2958,76.6394,2024-03-15 09:04:00,250.11
274,12.9352,77.6245,12.9141,77.6387,2024-03-11 11:07:00,491.42
275,13.008,77.561,12.9141,77.6387,2024-03-11 00:32:00,229.16
276,12.9352,77.6245,12.9352,77.6245,2024-03-15 12:10:00,91.25
277,12.9352,77.6245,12.9716,77.5946,2024-03-10 21:48:00,404.06
278,12.9352,77.6245,13.008,77.561,2024-03-16 18:10:00,142.34
279,13.035,77.5888,12.2958,76.6394,2024-03-17 00:07:00,147.18
280,12.9352,77.6245,12.9141,77.6387,2024-03-12 00:17:00,404.89
281,13.035,77.5888,12.9716,77.5946,2024-03-13 11:42:00,436.28
282,12.9352,77.6245,13.008,77.561,2024-03-16 11:30:00,162.79
283,12.9352,77.6245,12.9352,77.6245,2024-03-10 15:02:00,109.31
284,13.008,77.561,12.2958,76.6394,2024-03-17 00:47:00,195.7
285,12.9352,77.6245,13.035,77.5888,2024-03-10 22:18:00,107.04
286,12.2958,76.6394,12.9352,77.6245,2024-03-11 01:21:00,264.31
287,13.008,77.561,12.9352,77.6245,2024-03-15 11:25:00,276.73
288,13.035,77.5888,12.9716,77.5946,2024-03-16 06:23:00,185.73
289,12.9716,77.5946,12.9716,77.5946,2024-03-15 18:47:00,431.28
290,12.2958,76.6394,12.9352,77.6245,2024-03-15 21:52:00,370.58
291,12.2958,76.6394,12.9352,77.6245,2024-03-11 06:03:00,194.95
292,12.9352,77.6245,12.9352,77.6245,2024-03-11 18:27:00,173.76
293,13.035,77.5888,12.9141,77.6387,2024-03-14 16:00:00,497.58
294,13.035,77.5888,13.035,77.5888,2024-03-15 11:53:00,277.5
295,12.2958,76.6394,12.9352,77.6245,2024-03-11 15:14:00,433.76
296,13.035,77.5888,12.2958,76.6394,2024-03-15 05:26:00,253.2
297,12.9352,77.6245,12.9867,77.5277,2024-03-14 04:33:00,422.34
298,12.2958,76.6394,12.9867,77.5277,2024-03-11 09:57:00,190.65
299,13.008,77.561,13.035,77.5888,2024-03-14 14:12:00,479.12
300,12.2958,76.6394,12.2958,76.6394,2024-03-11 08:54:00,-424.3
301,12.9716,77.5946,12.9867,77.5277,2024-03-11 10:22:00,385.07
302,13.008,77.561,13.008,77.561,2024-03-16 15:55:00,76.99
303,13.035,77.5888,12.9141,77.6387,2024-03-11 17:22:00,234.86
304,12.2958,76.6394,12.9716,77.5946,2024-03-13 14:32:00,320.18
305,13.008,77.561,12.9352,77.6245,2024-03-16 21:48:00,278.34
306,12.9352,77.6245,12.8446,77.6636,2024-03-12 21:14:00,431.27
307,13.008,77.561,12.9141,77.6387,2024-03-11 15:22:00,393.17
308,13.035,77.5888,12.2958,76.6394,2024-03-15 05:10:00,430.32
309,13.035,77.5888,12.9716,77.5946,2024-03-17 06:17:00,468.09
310,13.008,77.561,12.9716,77.5946,2024-03-12 09:15:00,172.97
311,13.008,77.561,12.9141,77.6387,2024-03-14 07:51:00,52.75
312,12.9352,77.6245,12.9867,77.5277,2024-03-11 03:00:00,113.84
313,12.9716,77.5946,12.9352,77.6245,2024-03-16 08:51:00,146.81
314,12.2958,76.6394,12.8446,77.6636,2024-03-14 05:05:00,120.83
315,13.008,77.561,12.9141,77.6387,2024-03-16 18:59:00,318.3
316,12.9716,77.5946,13.008,77.561,2024-03-12 02:59:00,389.5
317,12.9716,77.5946,12.9352,77.6245,2024-03-13 10:18:00,249.4
318,12.2958,76.6394,12.8446,77.6636,2024-03-17 05:46:00,248.92
319,13.008,77.561,12.2958,76.6394,2024-03-16 03:54:00,101.22
320,12.2958,76.6394,12.9352,77.6245,2024-03-13 13:20:00,355.2
321,13.035,77.5888,12.8446,77.6636,2024-03-16 07:53:00,350.21
322,12.9716,77.5946,12.2958,76.6394,2024-03-14 19:55:00,493.0
323,12.9716,77.5946,12.9716,77.5946,2024-03-12 15:49:00,185.64
324,12.9352,77.6245,13.008,77.561,2024-03-13 05:46:00,180.25
325,12.9716,77.5946,12.9716,77.5946,2024-03-15 23:49:00,386.16
326,12.9352,77.6245,13.008,77.561,2024-03-14 15:49:00,289.66
327,12.9352,77.6245,12.9141,77.6387,2024-03-11 03:40:00,228.68
328,12.9716,77.5946,12.9867,77.5277,2024-03-10 13:07:00,256.89
329,12.9716,77.5946,12.9141,77.6387,2024-03-16 21:13:00,243.18
330,12.2958,76.6394,12.9867,77.5277,2024-03-13 15:03:00,101.83
331,12.9716,77.5946,12.9141,77.6387,2024-03-12 06:55:00,410.59
332,13.035,77.5888,12.8446,77.6636,2024-03-14 10:48:00,89.66
333,12.9716,77.5946,12.2958,76.6394,2024-03-15 06:58:00,314.99
334,13.035,77.5888,12.9352,77.6245,2024-03-14 20:04:00,441.74
335,13.008,77.561,12.2958,76.6394,2024-03-14 02:56:00,400.6
336,12.9716,77.5946,12.9352,77.6245,2024-03-16 08:53:00,279.48
337,13.008,77.561,12.9141,77.6387,2024-03-12 00:19:00,156.32
338,12.9352,77.6245,13.035,77.5888,2024-03-12 13:52:00,128.07
339,12.9352,77.6245,12.9352,77.6245,2024-03-12 08:22:00,478.08
340,12.2958,76.6394,12.8446,77.6636,2024-03-16 17:56:00,391.94
341,12.2958,76.6394,12.9141,77.6387,2024-03-13 22:19:00,117.93
342,12.9716,77.5946,12.8446,77.6636,2024-03-15 08:45:00,334.12
343,13.008,77.561,12.9716,77.5946,2024-03-14 08:06:00,278.3
344,13.008,77.561,12.8446,77.6636,2024-03-15 11:24:00,66.92
345,13.008,77.561,13.035,77.5888,2024-03-11 04:57:00,340.1
346,12.9716,77.5946,12.9867,77.5277,2024-03-15 14:21:00,311.15
347,12.9716,77.5946,12.8446,77.6636,2024-03-16 20:06:00,343.33
348,13.008,77.561,12.8446,77.6636,2024-03-16 00:54:00,117.89
349,12.9716,77.5946,12.8446,77.6636,2024-03-11 12:15:00,414.94
350,13.008,77.561,12.9352,77.6245,2024-03-16 01:46:00,-340.76
351,12.9716,77.5946,12.2958,76.6394,2024-03-15 07:32:00,495.94
352,13.035,77.5888,13.008,77.561,2024-03-14 11:22:00,217.78
353,13.008,77.561,12.9867,77.5277,2024-03-14 23:37:00,398.51
354,13.035,77.5888,12.9716,77.5946,2024-03-14 03:22:00,79.66
355,12.9716,77.5946,12.9867,77.5277,2024-03-13 13:35:00,163.4
356,13.035,77.5888,13.008,77.561,2024-03-14 03:01:00,86.68
357,12.9352,77.6245,12.9141,77.6387,2024-03-13 20:42:00,485.46
358,12.2958,76.6394,13.008,77.561,2024-03-17 02:29:00,368.98
359,12.9716,77.5946,13.035,77.5888,2024-03-16 16:37:00,219.51
360,,,,,2024-03-16 07:44:00,92.05
361,12.2958,76.6394,12.9141,77.6387,2024-03-10 12:58:00,213.17
362,12.9352,77.6245,12.2958,76.6394,2024-03-14 05:18:00,476.45
363,12.2958,76.6394,12.2958,76.6394,2024-03-12 21:51:00,499.99
364,12.9352,77.6245,12.9352,77.6245,2024-03-13 16:46:00,429.99
365,12.9716,77.5946,12.9716,77.5946,2024-03-14 03:57:00,444.38
366,13.035,77.5888,13.008,77.561,2024-03-17 03:05:00,219.52
367,12.9352,77.6245,13.008,77.561,2024-03-12 05:12:00,374.53
368,12.9716,77.5946,12.9867,77.5277,2024-03-14 11:28:00,354.36
369,12.9352,77.6245,12.8446,77.6636,2024-03-13 13:48:00,388.58
370,12.2958,76.6394,12.2958,76.6394,2024-03-16 09:49:00,157.63
371,12.2958,76.6394,12.2958,76.6394,2024-03-14 12:26:00,355.24
372,13.035,77.5888,12.8446,77.6636,2024-03-15 14:04:00,396.25
373,12.2958,76.6394,12.9867,77.5277,2024-03-12 04:15:00,417.6
374,13.035,77.5888,13.008,77.561,2024-03-13 04:16:00,73.48
375,12.2958,76.6394,12.9141,77.6387,2024-03-16 15:25:00,0.0
376,13.035,77.5888,12.9352,77.6245,2024-03-13 13:50:00,87.74
377,12.9352,77.6245,13.035,77.5888,2024-03-15 10:41:00,457.39
378,12.9352,77.6245,12.9867,77.5277,2024-03-11 09:02:00,475.89
379,12.9352,77.6245,12.8446,77.6636,2024-03-14 07:27:00,468.71
380,12.2958,76.6394,12.9716,77.5946,2024-03-14 20:15:00,275.9
381,12.9352,77.6245,12.9867,77.5277,2024-03-11 06:17:00,218.71
382,12.9716,77.5946,12.9141,77.6387,2024-03-11 11:03:00,427.63
383,13.008,77.561,13.008,77.561,2024-03-11 21:34:00,67.24
384,12.2958,76.6394,13.008,77.561,2024-03-15 16:05:00,251.87
385,12.9716,77.5946,12.9352,77.6245,2024-03-10 13:11:00,165.17
386,12.9352,77.6245,12.9867,77.5277,2024-03-11 14:21:00,399.28
387,12.9352,77.6245,13.035,77.5888,2024-03-11 17:16:00,71.49
388,12.2958,76.6394,12.8446,77.6636,2024-03-11 01:09:00,99.89
389,12.2958,76.6394,12.9716,77.5946,2024-03-16 04:43:00,308.77
390,12.9352,77.6245,13.035,77.5888,2024-03-15 05:12:00,50.7
391,13.008,77.561,12.2958,76.6394,2024-03-16 19:49:00,237.46
392,12.9716,77.5946,12.9141,77.6387,2024-03-11 02:28:00,479.03
393,13.035,77.5888,12.9716,77.5946,2024-03-14 18:37:00,443.0
394,12.9716,77.5946,12.9867,77.5277,2024-03-14 13:56:00,164.14
395,12.9716,77.5946,12.9141,77.6387,2024-03-11 02:26:00,205.16
396,12.9716,77.5946,12.9141,77.6387,2024-03-11 20:25:00,69.95
397,13.035,77.5888,12.9141,77.6387,2024-03-12 07:48:00,423.67
398,12.2958,76.6394,12.8446,77.6636,2024-03-12 09:46:00,415.17
399,12.9716,77.5946,12.8446,77.6636,2024-03-10 18:05:00,182.05
400,12.9716,77.5946,12.2958,76.6394,2024-03-10 19:26:00,-192.02
401,13.008,77.561,12.9867,77.5277,2024-03-16 12:17:00,263.03
402,12.9716,77.5946,12.2958,76.6394,2024-03-13 14:07:00,210.64
403,12.9716,77.5946,12.9141,77.6387,2024-03-13 10:36:00,106.01
404,13.008,77.561,12.9867,77.5277,2024-03-14 21:13:00,384.49
405,12.2958,76.6394,12.9141,77.6387,2024-03-12 11:00:00,273.29
406,12.2958,76.6394,12.9141,77.6387,2024-03-16 05:47:00,170.02
407,12.9716,77.5946,12.9867,77.5277,2024-03-11 05:33:00,243.77
408,12.9352,77.6245,13.035,77.5888,2024-03-13 23:42:00,96.17
409,13.008,77.561,13.035,77.5888,2024-03-13 19:41:00,250.66
410,12.2958,76.6394,13.008,77.561,2024-03-15 09:12:00,208.2
411,12.9716,77.5946,12.9141,77.6387,2024-03-15 06:46:00,173.55
412,12.9716,77.5946,12.9352,77.6245,2024-03-14 22:55:00,213.49
413,12.9352,77.6245,12.9716,77.5946,2024-03-11 22:59:00,431.9
414,12.2958,76.6394,12.9716,77.5946,2024-03-11 18:28:00,80.26
415,13.008,77.561,12.9141,77.6387,2024-03-14 16:32:00,477.26
416,12.9716,77.5946,13.008,77.561,2024-03-15 10:51:00,476.97
417,13.008,77.561,12.8446,77.6636,2024-03-11 04:59:00,308.26
418,13.035,77.5888,12.9141,77.6387,2024-03-14 20:41:00,191.47
419,13.008,77.561,12.2958,76.6394,2024-03-11 14:58:00,61.66
420,12.9352,77.6245,12.9352,77.6245,2024-03-16 05:22:00,224.14
421,13.035,77.5888,12.9352,77.6245,2024-03-13 07:28:00,398.73
422,12.2958,76.6394,12.2958,76.6394,2024-03-13 13:58:00,362.29
423,12.2958,76.6394,12.2958,76.6394,2024-03-11 17:29:00,111.08
424,12.9716,77.5946,12.8446,77.6636,2024-03-12 07:08:00,454.41
425,12.2958,76.6394,12.9352,77.6245,2024-03-13 23:16:00,350.53
426,12.9716,77.5946,13.035,77.5888,2024-03-13 17:54:00,433.11
427,12.9352,77.6245,12.9141,77.6387,2024-03-16 02:55:00,150.91
428,12.9352,77.6245,13.008,77.561,2024-03-13 00:38:00,405.67
429,12.9716,77.5946,12.9141,77.6387,2024-03-16 15:17:00,307.52
430,12.2958,76.6394,13.008,77.561,2024-03-11 07:32:00,79.59
431,12.2958,76.6394,12.8446,77.6636,2024-03-16 07:32:00,234.86
432,12.2958,76.6394,12.9352,77.6245,2024-03-11 18:13:00,487.57
433,12.9716,77.5946,12.8446,77.6636,2024-03-15 15:12:00,356.05
434,13.008,77.561,13.008,77.561,2024-03-16 14:32:00,337.91
435,12.9352,77.6245,13.008,77.561,2024-03-15 06:08:00,276.29
436,12.9716,77.5946,12.9352,77.6245,2024-03-16 05:28:00,118.86
437,12.9352,77.6245,13.008,77.561,2024-03-14 00:06:00,470.63
438,12.9352,77.6245,12.9141,77.6387,2024-03-16 05:41:00,452.72
439,12.9716,77.5946,13.035,77.5888,2024-03-12 13:36:00,335.78
440,13.035,77.5888,13.035,77.5888,2024-03-11 18:10:00,331.26
441,13.035,77.5888,12.9352,77.6245,2024-03-16 01:14:00,338.44
442,13.035,77.5888,13.008,77.561,2024-03-12 06:44:00,346.43
443,13.035,77.5888,12.9141,77.6387,2024-03-16 17:54:00,68.54
444,12.9716,77.5946,12.9352,77.6245,2024-03-10 20:24:00,476.85
445,13.035,77.5888,13.035,77.5888,2024-03-12 17:33:00,395.13
446,12.2958,76.6394,12.9716,77.5946,2024-03-15 23:59:00,450.05
447,13.035,77.5888,13.035,77.5888,2024-03-13 18:29:00,267.33
448,12.2958,76.6394,13.035,77.5888,2024-03-15 11:50:00,82.84
449,12.9716,77.5946,13.008,77.561,2024-03-15 08:02:00,237.03
450,12.2958,76.6394,,,2024-03-14 04:53:00,-323.0
451,13.008,77.561,12.9141,77.6387,2024-03-14 06:18:00,488.92
452,12.9352,77.6245,12.9141,77.6387,2024-03-16 04:37:00,302.74
453,13.008,77.561,12.2958,76.6394,2024-03-15 15:22:00,105.13
454,12.2958,76.6394,12.2958,76.6394,2024-03-11 22:28:00,93.57
455,13.008,77.561,12.9867,77.5277,2024-03-15 02:10:00,161.72
456,12.9352,77.6245,12.9141,77.6387,2024-03-16 21:44:00,374.51
457,12.9352,77.6245,13.008,77.561,2024-03-16 00:03:00,498.19
458,12.2958,76.6394,12.8446,77.6636,2024-03-13 20:15:00,273.82
459,12.9716,77.5946,12.9867,77.5277,2024-03-16 02:01:00,255.75
460,12.9352,77.6245,12.2958,76.6394,2024-03-16 23:17:00,208.8
461,12.9716,77.5946,13.035,77.5888,2024-03-15 23:08:00,318.88
462,12.2958,76.6394,13.035,77.5888,2024-03-16 10:33:00,53.68
463,12.9716,77.5946,12.9867,77.5277,2024-03-11 20:34:00,447.11
464,13.008,77.561,12.9867,77.5277,2024-03-14 11:55:00,70.36
465,12.9716,77.5946,12.2958,76.6394,2024-03-14 10:59:00,298.95
466,12.9716,77.5946,12.9867,77.5277,2024-03-16 01:41:00,252.66
467,13.035,77.5888,13.035,77.5888,2024-03-11 16:26:00,107.9
468,12.9716,77.5946,12.9867,77.5277,2024-03-14 13:54:00,407.7
469,13.008,77.561,12.9141,77.6387,2024-03-11 23:23:00,139.58
470,13.035,77.5888,12.9867,77.5277,2024-03-16 00:33:00,68.11
471,12.9716,77.5946,13.008,77.561,2024-03-14 02:56:00,411.78
472,13.035,77.5888,12.8446,77.6636,2024-03-12 00:40:00,322.82
473,13.035,77.5888,13.008,77.561,2024-03-14 01:33:00,469.12
474,13.008,77.561,13.008,77.561,2024-03-14 19:18:00,495.78
475,13.008,77.561,12.9141,77.6387,2024-03-16 02:31:00,422.73
476,13.035,77.5888,12.8446,77.6636,2024-03-16 17:42:00,184.91
477,12.9716,77.5946,12.9141,77.6387,2024-03-14 02:27:00,353.21
478,12.2958,76.6394,13.035,77.5888,2024-03-10 15:16:00,318.61
479,13.008,77.561,12.2958,76.6394,2024-03-10 22:01:00,312.59
480,,,,,2024-03-12 00:21:00,419.75
481,12.9352,77.6245,12.9716,77.5946,2024-03-16 20:20:00,476.69
482,12.9716,77.5946,12.2958,76.6394,2024-03-10 13:10:00,248.47
483,12.2958,76.6394,13.008,77.561,2024-03-15 00:45:00,360.73
484,12.2958,76.6394,12.8446,77.6636,2024-03-11 01:00:00,367.6
485,13.035,77.5888,12.2958,76.6394,2024-03-16 17:09:00,196.27
486,12.2958,76.6394,12.9867,77.5277,2024-03-13 21:40:00,480.51
487,12.2958,76.6394,12.9141,77.6387,2024-03-16 13:10:00,209.43
488,13.008,77.561,12.8446,77.6636,2024-03-12 12:30:00,480.8
489,13.008,77.561,13.035,77.5888,2024-03-12 21:24:00,473.67
490,13.008,77.561,13.035,77.5888,2024-03-12 16:36:00,360.61
491,12.2958,76.6394,12.9141,77.6387,2024-03-15 19:01:00,206.96
492,13.008,77.561,13.035,77.5888,2024-03-11 17:16:00,308.06
493,13.035,77.5888,12.9867,77.5277,2024-03-14 19:44:00,418.27
494,12.9352,77.6245,13.035,77.5888,2024-03-10 19:29:00,179.43
495,12.9716,77.5946,12.9141,77.6387,2024-03-15 08:47:00,345.19
496,12.2958,76.6394,12.2958,76.6394,2024-03-12 15:10:00,422.58
497,13.008,77.561,13.035,77.5888,2024-03-11 21:29:00,99.15
498,13.035,77.5888,12.2958,76.6394,2024-03-13 02:12:00,72.84
499,13.035,77.5888,12.2958,76.6394,2024-03-12 23:34:00,73.62
500,12.2958,76.6394,12.9141,77.6387,2024-03-15 16:59:00,-95.25
501,12.9352,77.6245,12.9716,77.5946,2024-03-16 14:16:00,490.06
502,12.9352,77.6245,12.9867,77.5277,2024-03-15 17:53:00,264.85
503,12.9352,77.6245,13.035,77.5888,2024-03-13 23:42:00,178.44
504,12.9716,77.5946,12.9352,77.6245,2024-03-16 20:46:00,154.5
505,12.9716,77.5946,13.008,77.561,2024-03-15 02:06:00,447.01
506,12.9352,77.6245,12.9716,77.5946,2024-03-14 20:24:00,404.58
507,12.9352,77.6245,13.035,77.5888,2024-03-10 18:13:00,54.17
508,13.035,77.5888,12.9352,77.6245,2024-03-14 03:29:00,178.05
509,13.035,77.5888,12.8446,77.6636,2024-03-11 20:38:00,432.98
510,12.2958,76.6394,13.035,77.5888,2024-03-12 12:39:00,413.97
511,13.008,77.561,13.008,77.561,2024-03-15 13:18:00,341.73
512,12.9352,77.6245,12.9716,77.5946,2024-03-14 04:03:00,405.85
513,13.035,77.5888,12.2958,76.6394,2024-03-12 07:55:00,324.93
514,12.2958,76.6394,12.9867,77.5277,2024-03-16 04:42:00,197.57
515,12.2958,76.6394,12.9352,77.6245,2024-03-12 10:27:00,491.76
516,12.2958,76.6394,12.9141,77.6387,2024-03-13 03:44:00,53.07
517,12.2958,76.6394,12.2958,76.6394,2024-03-15 09:59:00,389.19
518,13.008,77.561,13.035,77.5888,2024-03-16 23:03:00,375.3
519,12.9716,77.5946,13.035,77.5888,2024-03-14 10:10:00,361.75
520,12.9716,77.5946,12.9352,77.6245,2024-03-15 15:05:00,188.06
521,12.2958,76.6394,13.035,77.5888,2024-03-11 16:03:00,337.42
522,13.008,77.561,12.9141,77.6387,2024-03-12 20:18:00,148.61
523,12.9352,77.6245,12.8446,77.6636,2024-03-12 01:49:00,254.74
524,13.035,77.5888,12.9141,77.6387,2024-03-15 01:33:00,365.87
525,12.2958,76.6394,12.2958,76.6394,2024-03-13 03:34:00,0.0
526,13.035,77.5888,12.9352,77.6245,2024-03-16 07:29:00,251.04
527,13.008,77.561,12.9352,77.6245,2024-03-16 18:03:00,100.49
528,13.035,77.5888,12.2958,76.6394,2024-03-16 20:23:00,291.5
529,12.9352,77.6245,12.9141,77.6387,2024-03-16 06:05:00,248.83
530,12.9352,77.6245,12.8446,77.6636,2024-03-11 08:49:00,454.5
531,12.2958,76.6394,12.9716,77.5946,2024-03-15 11:49:00,109.37
532,12.2958,76.6394,12.8446,77.6636,2024-03-16 17:59:00,75.98
533,12.2958,76.6394,13.035,77.5888,2024-03-10 13:56:00,228.18
534,12.9716,77.5946,12.2958,76.6394,2024-03-16 21:55:00,82.86
535,12.2958,76.6394,12.9141,77.6387,2024-03-11 01:24:00,293.52
536,12.9716,77.5946,12.9352,77.6245,2024-03-15 16:54:00,64.28
537,12.2958,76.6394,13.008,77.561,2024-03-11 20:58:00,394.62
538,12.2958,76.6394,12.9141,77.6387,2024-03-14 16:26:00,251.84
539,12.2958,76.6394,12.9867,77.5277,2024-03-11 05:54:00,357.23
540,13.035,77.5888,13.035,77.5888,2024-03-14 06:57:00,103.38
541,13.035,77.5888,12.9867,77.5277,2024-03-16 08:24:00,107.31
542,12.9352,77.6245,12.9716,77.5946,2024-03-10 14:12:00,490.32
543,12.2958,76.6394,12.9867,77.5277,2024-03-16 09:15:00,220.67
544,12.9352,77.6245,12.2958,76.6394,2024-03-15 13:46:00,205.77
545,13.008,77.561,12.2958,76.6394,2024-03-11 14:48:00,64.5
546,12.2958,76.6394,12.9716,77.5946,2024-03-13 01:43:00,142.74
547,12.9716,77.5946,12.9716,77.5946,2024-03-15 09:54:00,319.0
548,12.9716,77.5946,12.2958,76.6394,2024-03-10 20:04:00,231.02
549,12.9352,77.6245,12.2958,76.6394,2024-03-10 23:24:00,113.06
550,13.008,77.561,12.2958,76.6394,2024-03-16 21:18:00,-193.51
551,13.035,77.5888,12.9141,77.6387,2024-03-13 00:41:00,185.79
552,12.9352,77.6245,12.2958,76.6394,2024-03-15 00:55:00,185.23
553,12.9716,77.5946,13.008,77.561,2024-03-15 04:39:00,300.13
554,12.9716,77.5946,12.9141,77.6387,2024-03-14 16:04:00,403.61
555,13.008,77.561,12.9867,77.5277,2024-03-14 23:28:00,117.15
556,12.2958,76.6394,13.008,77.561,2024-03-16 10:53:00,263.08
557,12.9352,77.6245,13.035,77.5888,2024-03-11 23:25:00,412.6
558,12.9716,77.5946,12.9867,77.5277,2024-03-15 01:44:00,300.78
559,12.9352,77.6245,12.9867,77.5277,2024-03-13 02:18:00,164.75
560,13.008,77.561,12.9352,77.6245,2024-03-15 10:49:00,431.21
561,12.9716,77.5946,12.2958,76.6394,2024-03-10 22:04:00,170.81
562,13.035,77.5888,12.9716,77.5946,2024-03-11 03:52:00,134.67
563,13.035,77.5888,12.2958,76.6394,2024-03-15 18:54:00,144.0
564,13.008,77.561,13.035,77.5888,2024-03-10 12:11:00,145.31
565,12.9352,77.6245,12.9352,77.6245,2024-03-15 18:46:00,461.5
566,13.035,77.5888,12.2958,76.6394,2024-03-14 20:18:00,461.81
567,13.035,77.5888,12.9141,77.6387,2024-03-13 13:17:00,221.3
568,13.035,77.5888,12.9141,77.6387,2024-03-13 20:13:00,167.7
569,13.035,77.5888,12.8446,77.6636,2024-03-15 15:15:00,94.37
570,12.2958,76.6394,12.9141,77.6387,2024-03-12 15:28:00,216.82
571,12.2958,76.6394,12.9716,77.5946,2024-03-16 17:36:00,438.84
572,12.9352,77.6245,12.9716,77.5946,2024-03-13 07:12:00,298.99
573,13.035,77.5888,12.9867,77.5277,2024-03-13 16:36:00,118.59
574,13.008,77.561,12.2958,76.6394,2024-03-14 15:43:00,306.41
575,12.9352,77.6245,12.8446,77.6636,2024-03-16 14:21:00,344.57
576,13.008,77.561,13.035,77.5888,2024-03-15 21:25:00,484.93
577,12.2958,76.6394,12.8446,77.6636,2024-03-12 05:56:00,379.75
578,13.008,77.561,13.008,77.561,2024-03-11 22:13:00,374.14
579,12.2958,76.6394,13.008,77.561,2024-03-16 12:02:00,495.65
580,12.9716,77.5946,12.9716,77.5946,2024-03-11 04:17:00,475.33
581,12.9716,77.5946,12.9716,77.5946,2024-03-15 00:36:00,111.87
582,12.9352,77.6245,12.9352,77.6245,2024-03-12 01:14:00,54.11
583,13.035,77.5888,12.8446,77.6636,2024-03-14 13:54:00,77.2
584,13.035,77.5888,12.8446,77.6636,2024-03-15 21:13:00,57.08
585,13.035,77.5888,12.9867,77.5277,2024-03-10 11:14:00,57.53
586,13.008,77.561,13.035,77.5888,2024-03-10 12:40:00,276.0
587,12.2958,76.6394,13.008,77.561,2024-03-11 13:13:00,463.12
588,13.035,77.5888,13.008,77.561,2024-03-13 01:48:00,136.37
589,13.035,77.5888,13.035,77.5888,2024-03-14 08:47:00,170.3
590,12.2958,76.6394,12.9352,77.6245,2024-03-14 13:52:00,481.68
591,12.2958,76.6394,12.2958,76.6394,2024-03-12 21:40:00,184.99
592,12.9716,77.5946,12.9716,77.5946,2024-03-11 09:31:00,232.38
593,12.2958,76.6394,12.8446,77.6636,2024-03-10 23:19:00,336.54
594,12.9352,77.6245,12.9352,77.6245,2024-03-16 00:29:00,430.4
595,13.008,77.561,12.9352,77.6245,2024-03-16 08:13:00,463.62
596,12.9352,77.6245,12.2958,76.6394,2024-03-16 18:46:00,263.98
597,12.9716,77.5946,12.9352,77.6245,2024-03-13 12:33:00,454.69
598,13.035,77.5888,12.9716,77.5946,2024-03-12 08:58:00,467.94
599,13.008,77.561,12.9716,77.5946,2024-03-12 16:34:00,314.17
600,,,,,2024-03-13 17:43:00,-123.1
601,12.9352,77.6245,12.9867,77.5277,2024-03-16 11:36:00,199.28
602,12.9352,77.6245,12.9352,77.6245,2024-03-16 00:44:00,385.46
603,13.008,77.561,12.9716,77.5946,2024-03-11 10:40:00,246.69
604,12.9716,77.5946,12.9141,77.6387,2024-03-17 05:15:00,396.05
605,13.035,77.5888,12.9867,77.5277,2024-03-14 01:07:00,63.33
606,13.008,77.561,12.8446,77.6636,2024-03-15 21:58:00,152.66
607,13.035,77.5888,12.9867,77.5277,2024-03-15 05:55:00,133.58
608,13.035,77.5888,12.9867,77.5277,2024-03-11 07:24:00,397.48
609,13.008,77.561,12.2958,76.6394,2024-03-11 04:04:00,86.92
610,12.9352,77.6245,12.9867,77.5277,2024-03-12 02:07:00,382.84
611,13.008,77.561,12.9141,77.6387,2024-03-11 13:05:00,91.18
612,13.008,77.561,12.8446,77.6636,2024-03-14 10:16:00,392.61
613,12.9716,77.5946,13.008,77.561,2024-03-11 07:50:00,134.33
614,12.2958,76.6394,12.9867,77.5277,2024-03-11 12:12:00,61.82
615,13.008,77.561,12.9352,77.6245,2024-03-17 03:00:00,319.12
616,13.008,77.561,12.9867,77.5277,2024-03-10 11:22:00,181.33
617,12.2958,76.6394,12.9352,77.6245,2024-03-16 16:47:00,457.34
618,12.9352,77.6245,13.008,77.561,2024-03-14 15:57:00,126.28
619,13.008,77.561,13.035,77.5888,2024-03-13 09:17:00,271.91
620,12.9716,77.5946,13.008,77.561,2024-03-15 06:41:00,174.18
621,13.008,77.561,12.8446,77.6636,2024-03-11 05:00:00,212.51
622,12.9352,77.6245,12.8446,77.6636,2024-03-17 02:08:00,327.5
623,12.2958,76.6394,12.9352,77.6245,2024-03-11 20:59:00,187.1
624,12.2958,76.6394,12.9141,77.6387,2024-03-14 15:44:00,411.83
625,13.008,77.561,12.8446,77.6636,2024-03-14 03:24:00,243.78
626,13.035,77.5888,13.008,77.561,2024-03-13 18:02:00,194.3
627,12.9352,77.6245,12.8446,77.6636,2024-03-13 21:47:00,129.94
628,12.2958,76.6394,12.9141,77.6387,2024-03-13 15:35:00,380.69
629,12.2958,76.6394,12.2958,76.6394,2024-03-14 00:59:00,219.22
630,12.2958,76.6394,12.9141,77.6387,2024-03-11 15:05:00,469.43
631,12.9352,77.6245,13.008,77.561,2024-03-16 14:12:00,62.11
632,12.2958,76.6394,12.2958,76.6394,2024-03-15 07:43:00,408.96
633,12.9716,77.5946,12.9867,77.5277,2024-03-16 00:20:00,112.63
634,13.008,77.561,12.2958,76.6394,2024-03-13 04:59:00,346.4
635,12.2958,76.6394,12.9867,77.5277,2024-03-11 04:11:00,252.08
636,13.035,77.5888,12.8446,77.6636,2024-03-16 22:59:00,230.36
637,13.035,77.5888,12.9867,77.5277,2024-03-16 12:27:00,66.54
638,13.008,77.561,12.9352,77.6245,2024-03-11 13:51:00,396.03
639,13.008,77.561,13.008,77.561,2024-03-10 20:05:00,303.45
640,12.2958,76.6394,12.9141,77.6387,2024-03-15 05:32:00,97.68
641,12.9716,77.5946,13.035,77.5888,2024-03-12 20:37:00,279.8
642,13.035,77.5888,12.2958,76.6394,2024-03-15 09:43:00,218.35
643,12.2958,76.6394,13.008,77.561,2024-03-14 06:11:00,498.97
644,12.2958,76.6394,12.9352,77.6245,2024-03-13 16:40:00,237.19
645,12.9716,77.5946,12.9352,77.6245,2024-03-11 22:41:00,206.75
646,13.008,77.561,12.8446,77.6636,2024-03-12 16:29:00,284.5
647,13.008,77.561,12.8446,77.6636,2024-03-11 10:39:00,247.17
648,12.2958,76.6394,12.9141,77.6387,2024-03-11 02:20:00,185.12
649,12.9716,77.5946,12.9716,77.5946,2024-03-14 05:40:00,341.59
650,12.9352,77.6245,12.2958,76.6394,2024-03-16 04:54:00,-128.5
651,12.9352,77.6245,12.9141,77.6387,2024-03-16 16:52:00,241.87
652,12.2958,76.6394,12.2958,76.6394,2024-03-14 22:36:00,333.39
653,12.9352,77.6245,12.9867,77.5277,2024-03-14 20:01:00,63.14
654,13.035,77.5888,12.2958,76.6394,2024-03-15 10:45:00,316.49
655,12.2958,76.6394,12.9716,77.5946,2024-03-12 18:39:00,142.6
656,12.9716,77.5946,12.9352,77.6245,2024-03-16 10:36:00,134.13
657,13.008,77.561,12.2958,76.6394,2024-03-15 12:56:00,101.28
658,12.2958,76.6394,12.9141,77.6387,2024-03-17 03:00:00,224.89
659,12.2958,76.6394,12.9352,77.6245,2024-03-14 07:00:00,208.39
660,12.2958,76.6394,12.2958,76.6394,2024-03-13 17:13:00,463.41
661,13.035,77.5888,12.9352,77.6245,2024-03-11 20:34:00,190.93
662,12.9352,77.6245,13.035,77.5888,2024-03-11 15:56:00,132.37
663,12.9352,77.6245,12.9867,77.5277,2024-03-15 02:12:00,318.39
664,13.035,77.5888,12.9867,77.5277,2024-03-15 03:31:00,133.59
665,13.035,77.5888,13.008,77.561,2024-03-16 15:31:00,125.09
666,13.008,77.561,13.008,77.561,2024-03-12 11:05:00,191.56
667,12.2958,76.6394,12.9716,77.5946,2024-03-14 10:02:00,478.33
668,12.2958,76.6394,13.008,77.561,2024-03-12 13:16:00,416.85
669,13.035,77.5888,12.8446,77.6636,2024-03-14 23:43:00,358.11
670,12.2958,76.6394,12.8446,77.6636,2024-03-15 21:26:00,125.26
671,13.035,77.5888,12.9716,77.5946,2024-03-12 20:13:00,181.44
672,13.008,77.561,12.2958,76.6394,2024-03-16 10:48:00,179.9
673,12.2958,76.6394,12.8446,77.6636,2024-03-16 14:06:00,279.86
674,13.035,77.5888,12.9352,77.6245,2024-03-13 09:09:00,398.8
675,13.008,77.561,12.9716,77.5946,2024-03-15 08:31:00,0.0
676,12.2958,76.6394,12.9352,77.6245,2024-03-13 03:35:00,183.97
677,12.9716,77.5946,12.8446,77.6636,2024-03-13 07:45:00,206.86
678,12.9716,77.5946,12.8446,77.6636,2024-03-11 16:03:00,399.03
679,12.9352,77.6245,12.2958,76.6394,2024-03-17 00:32:00,360.11
680,13.035,77.5888,12.9867,77.5277,2024-03-12 05:19:00,327.27
681,12.9352,77.6245,12.2958,76.6394,2024-03-11 00:12:00,306.53
682,13.035,77.5888,13.035,77.5888,2024-03-17 02:58:00,292.45
683,13.008,77.561,13.035,77.5888,2024-03-13 15:00:00,307.73
684,13.035,77.5888,12.9352,77.6245,2024-03-11 21:01:00,483.25
685,12.2958,76.6394,12.9716,77.5946,2024-03-13 11:43:00,440.17
686,12.9352,77.6245,13.008,77.561,2024-03-13 04:10:00,115.81
687,13.008,77.561,12.2958,76.6394,2024-03-14 19:14:00,270.26
688,13.035,77.5888,13.035,77.5888,2024-03-15 01:06:00,218.83
689,12.9716,77.5946,12.9352,77.6245,2024-03-14 22:00:00,282.03
690,13.008,77.561,12.9141,77.6387,2024-03-15 12:09:00,477.61
691,13.008,77.561,12.9716,77.5946,2024-03-11 09:26:00,378.92
692,12.2958,76.6394,12.9141,77.6387,2024-03-11 01:17:00,408.06
693,12.2958,76.6394,12.2958,76.6394,2024-03-15 05:19:00,421.18
694,12.2958,76.6394,13.035,77.5888,2024-03-14 00:09:00,422.75
695,13.008,77.561,13.008,77.561,2024-03-16 18:35:00,433.59
696,13.008,77.561,12.9716,77.5946,2024-03-10 20:32:00,94.81
697,12.2958,76.6394,12.9716,77.5946,2024-03-11 17:55:00,468.24
698,12.9352,77.6245,12.8446,77.6636,2024-03-15 12:39:00,50.3
699,12.2958,76.6394,12.2958,76.6394,2024-03-11 20:01:00,446.97
700,13.008,77.561,13.008,77.561,2024-03-13 10:49:00,-92.0
701,13.008,77.561,13.035,77.5888,2024-03-11 06:30:00,217.33
702,12.9352,77.6245,12.9716,77.5946,2024-03-14 20:13:00,331.52
703,12.9352,77.6245,12.9867,77.5277,2024-03-11 08:54:00,366.66
704,12.9716,77.5946,12.2958,76.6394,2024-03-15 18:12:00,85.07
705,13.035,77.5888,12.2958,76.6394,2024-03-16 05:50:00,355.99
706,12.9716,77.5946,12.9716,77.5946,2024-03-14 05:49:00,417.7
707,12.2958,76.6394,13.008,77.561,2024-03-15 18:26:00,81.87
708,12.2958,76.6394,12.9352,77.6245,2024-03-11 11:58:00,96.44
709,13.008,77.561,13.035,77.5888,2024-03-11 21:26:00,222.22
710,12.9352,77.6245,13.008,77.561,2024-03-11 02:40:00,288.73
711,12.9716,77.5946,13.008,77.561,2024-03-15 08:10:00,208.03
712,12.9352,77.6245,13.008,77.561,2024-03-15 00:25:00,327.23
713,12.2958,76.6394,12.2958,76.6394,2024-03-11 07:40:00,453.47
714,12.9352,77.6245,12.9352,77.6245,2024-03-17 00:59:00,378.5
715,13.008,77.561,12.9867,77.5277,2024-03-13 21:52:00,405.98
716,12.9352,77.6245,13.035,77.5888,2024-03-11 07:00:00,161.68
717,13.035,77.5888,13.035,77.5888,2024-03-10 15:19:00,431.55
718,13.008,77.561,12.2958,76.6394,2024-03-16 05:22:00,323.12
719,12.9352,77.6245,12.9867,77.5277,2024-03-13 16:42:00,340.78
720,,,,,2024-03-14 17:22:00,100.73
721,12.2958,76.6394,12.9352,77.6245,2024-03-16 08:15:00,449.93
722,12.9716,77.5946,12.9141,77.6387,2024-03-13 22:25:00,109.39
723,13.035,77.5888,12.9867,77.5277,2024-03-14 11:46:00,295.86
724,12.9352,77.6245,12.8446,77.6636,2024-03-11 03:55:00,57.51
725,12.9716,77.5946,12.9716,77.5946,2024-03-13 07:35:00,147.08
726,12.9716,77.5946,12.9867,77.5277,2024-03-16 02:20:00,178.92
727,13.035,77.5888,12.9867,77.5277,2024-03-15 03:39:00,365.81
728,12.9716,77.5946,13.008,77.561,2024-03-13 11:46:00,87.62
729,12.9716,77.5946,12.2958,76.6394,2024-03-12 02:25:00,291.38
730,12.2958,76.6394,12.9352,77.6245,2024-03-13 20:41:00,364.4
731,12.9352,77.6245,12.9716,77.5946,2024-03-13 02:45:00,88.8
732,12.2958,76.6394,12.9352,77.6245,2024-03-15 11:48:00,325.53
733,12.9716,77.5946,13.035,77.5888,2024-03-12 07:57:00,103.75
734,12.9352,77.6245,12.9716,77.5946,2024-03-12 04:44:00,273.39
735,13.008,77.561,13.035,77.5888,2024-03-12 05:35:00,217.34
736,13.008,77.561,12.9352,77.6245,2024-03-10 16:00:00,200.75
737,12.2958,76.6394,13.035,77.5888,2024-03-16 07:02:00,78.74
738,13.035,77.5888,12.9352,77.6245,2024-03-15 23:28:00,254.84
739,13.008,77.561,12.9716,77.5946,2024-03-16 00:25:00,436.71
740,12.9352,77.6245,12.9141,77.6387,2024-03-12 02:57:00,164.8
741,12.9716,77.5946,12.9352,77.6245,2024-03-12 22:22:00,383.35
742,12.9716,77.5946,12.9716,77.5946,2024-03-10 11:21:00,160.05
743,12.2958,76.6394,12.9141,77.6387,2024-03-14 16:34:00,464.1
744,12.9352,77.6245,12.9716,77.5946,2024-03-16 14:58:00,411.4
745,12.2958,76.6394,12.2958,76.6394,2024-03-13 23:52:00,161.72
746,13.008,77.561,13.035,77.5888,2024-03-11 05:16:00,307.19
747,12.9716,77.5946,12.9716,77.5946,2024-03-12 08:58:00,150.43
748,13.035,77.5888,12.9716,77.5946,2024-03-14 21:28:00,81.02
749,12.2958,76.6394,13.035,77.5888,2024-03-13 20:50:00,197.29
750,13.035,77.5888,,,2024-03-10 10:10:00,-216.01
751,13.008,77.561,13.035,77.5888,2024-03-13 02:14:00,258.77
752,13.035,77.5888,12.8446,77.6636,2024-03-12 13:21:00,379.61
753,13.035,77.5888,12.2958,76.6394,2024-03-12 01:06:00,52.87
754,12.2958,76.6394,12.9716,77.5946,2024-03-12 23:37:00,293.7
755,12.9716,77.5946,12.9141,77.6387,2024-03-10 08:23:00,391.52
756,12.2958,76.6394,13.035,77.5888,2024-03-11 12:23:00,142.34
757,12.9352,77.6245,12.9867,77.5277,2024-03-15 22:21:00,482.53
758,12.9352,77.6245,13.035,77.5888,2024-03-11 09:24:00,69.76
759,12.9352,77.6245,12.9867,77.5277,2024-03-14 13:42:00,256.31
760,12.9716,77.5946,12.9352,77.6245,2024-03-16 02:00:00,110.08
761,12.2958,76.6394,12.9352,77.6245,2024-03-17 01:37:00,305.52
762,12.2958,76.6394,13.008,77.561,2024-03-13 00:39:00,181.25
763,13.008,77.561,12.9867,77.5277,2024-03-14 01:05:00,193.13
764,13.008,77.561,12.2958,76.6394,2024-03-11 04:23:00,474.6
765,12.9352,77.6245,12.9352,77.6245,2024-03-12 02:26:00,97.55
766,12.2958,76.6394,12.8446,77.6636,2024-03-13 21:45:00,232.93
767,13.035,77.5888,12.9141,77.6387,2024-03-12 16:41:00,253.36
768,12.2958,76.6394,13.035,77.5888,2024-03-11 16:44:00,90.69
769,13.008,77.561,12.9716,77.5946,2024-03-12 18:42:00,426.17
770,13.008,77.561,13.008,77.561,2024-03-11 08:54:00,370.02
771,13.008,77.561,12.9867,77.5277,2024-03-16 04:12:00,72.03
772,13.008,77.561,13.035,77.5888,2024-03-12 07:28:00,63.99
773,12.2958,76.6394,12.8446,77.6636,2024-03-16 15:48:00,386.64
774,12.9352,77.6245,12.9352,77.6245,2024-03-15 14:10:00,95.86
775,12.9352,77.6245,12.9352,77.6245,2024-03-10 11:15:00,77.75
776,12.9352,77.6245,13.008,77.561,2024-03-12 14:06:00,420.65
777,13.008,77.561,12.9352,77.6245,2024-03-16 23:00:00,313.75
778,12.9716,77.5946,12.9716,77.5946,2024-03-11 01:36:00,138.99
779,12.2958,76.6394,13.008,77.561,2024-03-11 09:06:00,457.29
780,13.008,77.561,13.008,77.561,2024-03-10 19:39:00,474.03
781,12.9716,77.5946,13.008,77.561,2024-03-16 20:42:00,244.92
782,12.2958,76.6394,12.8446,77.6636,2024-03-10 16:03:00,222.23
783,12.2958,76.6394,13.008,77.561,2024-03-14 08:39:00,146.62
784,12.9352,77.6245,13.035,77.5888,2024-03-13 12:25:00,250.71
785,12.9352,77.6245,12.9716,77.5946,2024-03-13 03:06:00,341.28
786,12.2958,76.6394,12.9867,77.5277,2024-03-16 14:22:00,265.56
787,12.9716,77.5946,13.035,77.5888,2024-03-14 16:35:00,111.76
788,12.9352,77.6245,12.2958,76.6394,2024-03-16 12:27:00,407.68
789,12.2958,76.6394,12.9141,77.6387,2024-03-15 18:59:00,295.03
790,12.2958,76.6394,12.9141,77.6387,2024-03-16 18:27:00,276.08
791,12.2958,76.6394,13.035,77.5888,2024-03-12 09:06:00,61.73
792,13.035,77.5888,12.2958,76.6394,2024-03-10 16:00:00,453.09
793,13.008,77.561,12.9716,77.5946,2024-03-15 16:48:00,288.24
794,13.035,77.5888,12.2958,76.6394,2024-03-12 03:35:00,95.06
795,12.9352,77.6245,13.035,77.5888,2024-03-16 09:43:00,417.33
796,12.9716,77.5946,12.2958,76.6394,2024-03-16 21:12:00,430.93
797,12.2958,76.6394,12.9141,77.6387,2024-03-12 07:26:00,129.25
798,13.035,77.5888,12.9141,77.6387,2024-03-14 09:58:00,461.29
799,12.9716,77.5946,12.9141,77.6387,2024-03-16 19:00:00,303.62
800,13.035,77.5888,12.2958,76.6394,2024-03-15 22:24:00,-293.96
801,12.9352,77.6245,12.8446,77.6636,2024-03-10 18:21:00,90.62
802,12.9352,77.6245,12.2958,76.6394,2024-03-10 13:26:00,286.9
803,12.9716,77.5946,12.9141,77.6387,2024-03-12 15:00:00,412.9
804,13.008,77.561,13.008,77.561,2024-03-14 00:21:00,76.8
805,12.9352,77.6245,13.008,77.561,2024-03-11 14:17:00,430.92
806,13.008,77.561,12.9352,77.6245,2024-03-14 14:00:00,367.04
807,12.2958,76.6394,12.9352,77.6245,2024-03-14 03:54:00,185.79
808,12.9352,77.6245,13.008,77.561,2024-03-15 07:17:00,406.33
809,12.2958,76.6394,12.9141,77.6387,2024-03-12 07:34:00,368.23
810,13.035,77.5888,12.9141,77.6387,2024-03-12 20:57:00,349.49
811,12.9352,77.6245,12.9867,77.5277,2024-03-13 19:46:00,380.3
812,13.008,77.561,13.008,77.561,2024-03-12 08:31:00,377.97
813,13.035,77.5888,12.9867,77.5277,2024-03-16 18:57:00,64.57
814,13.035,77.5888,12.9141,77.6387,2024-03-12 20:19:00,337.84
815,12.9716,77.5946,12.8446,77.6636,2024-03-11 22:24:00,199.03
816,12.9716,77.5946,12.2958,76.6394,2024-03-14 06:42:00,492.07
817,12.9352,77.6245,12.9352,77.6245,2024-03-14 03:40:00,250.98
818,13.008,77.561,12.2958,76.6394,2024-03-13 04:08:00,361.93
819,13.008,77.561,13.035,77.5888,2024-03-11 13:30:00,374.19
820,12.9716,77.5946,12.9867,77.5277,2024-03-15 07:39:00,379.66
821,12.9352,77.6245,12.9867,77.5277,2024-03-15 22:38:00,446.8
822,13.008,77.561,12.9867,77.5277,2024-03-11 11:41:00,422.96
823,13.035,77.5888,12.2958,76.6394,2024-03-12 04:24:00,253.08
824,12.9716,77.5946,13.035,77.5888,2024-03-10 13:28:00,193.42
825,12.9716,77.5946,12.9352,77.6245,2024-03-14 05:20:00,0.0
826,12.2958,76.6394,13.008,77.561,2024-03-11 04:28:00,296.17
827,12.9716,77.5946,12.9141,77.6387,2024-03-17 02:12:00,493.37
828,12.2958,76.6394,12.9716,77.5946,2024-03-15 05:46:00,474.1
829,12.9352,77.6245,12.9867,77.5277,2024-03-12 02:53:00,74.1
830,13.008,77.561,12.2958,76.6394,2024-03-12 11:52:00,234.18
831,13.035,77.5888,13.035,77.5888,2024-03-13 12:52:00,183.83
832,12.9716,77.5946,12.9716,77.5946,2024-03-14 19:17:00,307.3
833,12.2958,76.6394,13.008,77.561,2024-03-10 22:53:00,212.37
834,12.2958,76.6394,12.9352,77.6245,2024-03-13 16:25:00,420.75
835,13.035,77.5888,12.8446,77.6636,2024-03-12 14:31:00,93.64
836,12.9352,77.6245,13.008,77.561,2024-03-13 15:41:00,489.68
837,12.2958,76.6394,12.9352,77.6245,2024-03-13 20:12:00,403.19
838,12.2958,76.6394,12.8446,77.6636,2024-03-13 08:21:00,91.01
839,13.035,77.5888,12.9867,77.5277,2024-03-12 10:29:00,216.96
840,,,,,2024-03-12 10:56:00,250.6
841,13.008,77.561,12.8446,77.6636,2024-03-15 14:59:00,168.53
842,13.008,77.561,12.9716,77.5946,2024-03-12 01:16:00,388.51
843,12.9716,77.5946,12.9352,77.6245,2024-03-14 05:52:00,413.68
844,12.2958,76.6394,12.2958,76.6394,2024-03-16 15:10:00,77.44
845,12.2958,76.6394,12.9867,77.5277,2024-03-16 10:13:00,359.18
846,12.2958,76.6394,12.2958,76.6394,2024-03-15 18:03:00,184.48
847,12.2958,76.6394,12.9716,77.5946,2024-03-16 01:06:00,307.05
848,13.035,77.5888,13.008,77.561,2024-03-11 16:50:00,477.16
849,12.2958,76.6394,13.008,77.561,2024-03-12 05:38:00,487.47
850,12.9352,77.6245,13.008,77.561,2024-03-10 19:39:00,-240.52
851,12.2958,76.6394,12.2958,76.6394,2024-03-12 00:22:00,425.35
852,13.008,77.561,12.9141,77.6387,2024-03-11 02:17:00,89.16
853,13.035,77.5888,12.9867,77.5277,2024-03-16 14:44:00,196.76
854,13.008,77.561,12.8446,77.6636,2024-03-10 11:22:00,403.95
855,13.035,77.5888,12.9867,77.5277,2024-03-11 14:43:00,236.5
856,12.9352,77.6245,12.9352,77.6245,2024-03-11 12:50:00,303.21
857,12.9716,77.5946,13.035,77.5888,2024-03-16 10:15:00,446.06
858,12.2958,76.6394,13.035,77.5888,2024-03-14 16:35:00,344.65
859,13.035,77.5888,12.8446,77.6636,2024-03-10 18:13:00,127.49
860,12.2958,76.6394,13.008,77.561,2024-03-17 06:12:00,356.37
861,12.2958,76.6394,12.9716,77.5946,2024-03-14 20:04:00,450.31
862,13.008,77.561,12.2958,76.6394,2024-03-10 21:27:00,385.59
863,13.008,77.561,12.9141,77.6387,2024-03-10 13:31:00,202.04
864,13.008,77.561,13.035,77.5888,2024-03-13 12:33:00,429.28
865,12.9716,77.5946,12.2958,76.6394,2024-03-11 20:41:00,185.22
866,12.2958,76.6394,12.9141,77.6387,2024-03-13 09:34:00,377.96
867,13.035,77.5888,12.9352,77.6245,2024-03-12 11:19:00,248.77
868,12.2958,76.6394,12.8446,77.6636,2024-03-16 05:02:00,440.24
869,12.9716,77.5946,13.008,77.561,2024-03-11 01:55:00,190.01
870,13.035,77.5888,12.9867,77.5277,2024-03-11 21:02:00,401.23
871,13.035,77.5888,12.9716,77.5946,2024-03-12 07:26:00,136.74
872,12.9352,77.6245,12.9716,77.5946,2024-03-13 04:07:00,64.88
873,12.9716,77.5946,12.9141,77.6387,2024-03-12 14:22:00,173.29
874,12.2958,76.6394,12.9867,77.5277,2024-03-11 17:49:00,356.53
875,12.9352,77.6245,12.9141,77.6387,2024-03-15 21:28:00,317.32
876,12.9352,77.6245,12.8446,77.6636,2024-03-17 00:15:00,298.1
877,13.008,77.561,13.008,77.561,2024-03-13 06:37:00,387.03
878,12.9716,77.5946,13.035,77.5888,2024-03-10 15:29:00,223.95
879,12.9352,77.6245,12.2958,76.6394,2024-03-12 20:26:00,341.32
880,12.9352,77.6245,13.035,77.5888,2024-03-14 23:49:00,280.98
881,12.9716,77.5946,12.8446,77.6636,2024-03-11 20:07:00,341.32
882,13.035,77.5888,12.9716,77.5946,2024-03-12 21:06:00,163.58
883,13.008,77.561,13.035,77.5888,2024-03-15 03:43:00,452.97
884,13.008,77.561,12.8446,77.6636,2024-03-13 04:48:00,148.19
885,13.008,77.561,12.9867,77.5277,2024-03-16 23:36:00,96.04
886,13.035,77.5888,12.9141,77.6387,2024-03-16 17:18:00,341.3
887,13.035,77.5888,13.035,77.5888,2024-03-13 17:30:00,357.99
888,12.2958,76.6394,12.9352,77.6245,2024-03-14 03:49:00,494.76
889,13.008,77.561,13.035,77.5888,2024-03-13 07:18:00,345.25
890,13.008,77.561,12.2958,76.6394,2024-03-12 00:56:00,282.78
891,12.9352,77.6245,12.9716,77.5946,2024-03-17 03:50:00,231.84
892,13.008,77.561,13.008,77.561,2024-03-10 14:57:00,344.93
893,13.008,77.561,13.035,77.5888,2024-03-15 02:17:00,232.07
894,12.9716,77.5946,12.2958,76.6394,2024-03-14 05:42:00,376.95
895,12.9352,77.6245,12.8446,77.6636,2024-03-14 09:53:00,278.29
896,12.9352,77.6245,13.008,77.561,2024-03-13 16:13:00,93.92
897,12.9352,77.6245,13.035,77.5888,2024-03-16 16:39:00,393.31
898,12.9352,77.6245,12.9141,77.6387,2024-03-11 08:23:00,150.01
899,12.9352,77.6245,13.035,77.5888,2024-03-15 02:49:00,404.64
900,13.008,77.561,13.008,77.561,2024-03-13 07:09:00,-313.51
901,12.2958,76.6394,12.9352,77.6245,2024-03-15 16:29:00,74.15
902,13.035,77.5888,12.9352,77.6245,2024-03-15 16:56:00,450.24
903,13.035,77.5888,12.9352,77.6245,2024-03-14 16:13:00,288.43
904,12.2958,76.6394,12.9716,77.5946,2024-03-12 01:10:00,111.81
905,12.9352,77.6245,12.9141,77.6387,2024-03-14 23:44:00,494.24
906,12.2958,76.6394,13.008,77.561,2024-03-13 22:23:00,438.08
907,12.9352,77.6245,12.9352,77.6245,2024-03-15 21:08:00,199.68
908,12.9352,77.6245,12.9141,77.6387,2024-03-10 23:50:00,52.12
909,13.008,77.561,12.2958,76.6394,2024-03-12 06:02:00,309.33
910,12.9352,77.6245,12.8446,77.6636,2024-03-11 08:02:00,108.23
911,12.2958,76.6394,12.9867,77.5277,2024-03-14 22:09:00,243.06
912,12.2958,76.6394,12.9867,77.5277,2024-03-10 09:16:00,66.98
913,12.9352,77.6245,12.9141,77.6387,2024-03-10 11:50:00,451.4
914,13.035,77.5888,12.2958,76.6394,2024-03-10 12:53:00,354.54
915,12.9352,77.6245,12.2958,76.6394,2024-03-14 06:01:00,190.44
916,12.9716,77.5946,12.9867,77.5277,2024-03-16 01:26:00,314.9
917,12.9352,77.6245,12.9352,77.6245,2024-03-10 20:29:00,184.19
918,13.008,77.561,12.8446,77.6636,2024-03-16 06:04:00,318.37
919,13.008,77.561,12.9867,77.5277,2024-03-11 20:32:00,204.23
920,12.2958,76.6394,12.9141,77.6387,2024-03-12 11:27:00,124.2
921,12.2958,76.6394,12.9716,77.5946,2024-03-12 22:22:00,150.94
922,12.9352,77.6245,12.2958,76.6394,2024-03-10 13:59:00,315.36
923,12.9352,77.6245,12.9352,77.6245,2024-03-14 12:06:00,370.0
924,12.9716,77.5946,12.9867,77.5277,2024-03-13 05:50:00,397.06
925,13.035,77.5888,12.9716,77.5946,2024-03-17 02:10:00,497.61
926,12.9716,77.5946,12.9716,77.5946,2024-03-10 21:10:00,360.39
927,12.2958,76.6394,12.8446,77.6636,2024-03-14 15:50:00,105.62
928,13.008,77.561,12.8446,77.6636,2024-03-12 01:48:00,142.47
929,12.9716,77.5946,13.035,77.5888,2024-03-15 02:55:00,347.75
930,13.035,77.5888,13.035,77.5888,2024-03-17 05:22:00,365.33
931,12.2958,76.6394,12.9352,77.6245,2024-03-16 03:41:00,373.44
932,12.9716,77.5946,13.035,77.5888,2024-03-11 15:07:00,403.14
933,12.2958,76.6394,12.2958,76.6394,2024-03-17 06:17:00,139.89
934,13.008,77.561,12.2958,76.6394,2024-03-14 09:44:00,366.55
935,13.008,77.561,13.008,77.561,2024-03-10 18:45:00,296.66
936,12.9352,77.6245,12.8446,77.6636,2024-03-14 02:16:00,155.53
937,12.9716,77.5946,12.9352,77.6245,2024-03-11 14:09:00,425.85
938,12.2958,76.6394,13.008,77.561,2024-03-11 08:35:00,400.79
939,12.9716,77.5946,12.9352,77.6245,2024-03-13 05:52:00,339.95
940,12.2958,76.6394,13.035,77.5888,2024-03-13 08:07:00,258.92
941,12.9716,77.5946,13.008,77.561,2024-03-10 18:46:00,433.51
942,13.008,77.561,12.9141,77.6387,2024-03-15 04:19:00,382.34
943,12.9716,77.5946,12.9716,77.5946,2024-03-10 10:38:00,433.4
944,12.9352,77.6245,12.9141,77.6387,2024-03-14 09:37:00,452.54
945,13.035,77.5888,13.035,77.5888,2024-03-11 09:22:00,217.68
946,13.008,77.561,13.008,77.561,2024-03-11 15:05:00,230.35
947,12.2958,76.6394,13.035,77.5888,2024-03-14 17:19:00,360.46
948,12.2958,76.6394,12.9867,77.5277,2024-03-12 05:32:00,100.88
949,12.9716,77.5946,13.008,77.561,2024-03-11 12:19:00,237.21
950,13.035,77.5888,12.8446,77.6636,2024-03-16 19:21:00,-355.28
951,12.9352,77.6245,12.9867,77.5277,2024-03-14 09:55:00,325.11
952,12.9352,77.6245,12.8446,77.6636,2024-03-15 21:17:00,100.82
953,12.2958,76.6394,12.8446,77.6636,2024-03-10 20:33:00,78.5
954,13.008,77.561,12.9716,77.5946,2024-03-16 07:18:00,395.39
955,13.035,77.5888,12.2958,76.6394,2024-03-14 04:22:00,283.59
956,13.035,77.5888,12.9352,77.6245,2024-03-15 06:11:00,347.77
957,12.9352,77.6245,12.8446,77.6636,2024-03-14 06:24:00,348.67
958,12.2958,76.6394,13.008,77.561,2024-03-16 16:27:00,451.43
959,13.035,77.5888,12.9716,77.5946,2024-03-10 11:10:00,339.53
960,,,,,2024-03-15 23:23:00,441.24
961,12.9716,77.5946,12.8446,77.6636,2024-03-13 23:33:00,158.4
962,13.008,77.561,12.9716,77.5946,2024-03-16 02:25:00,150.22
963,12.2958,76.6394,12.9867,77.5277,2024-03-13 00:10:00,85.47
964,12.2958,76.6394,12.8446,77.6636,2024-03-11 08:02:00,435.47
965,12.2958,76.6394,12.9141,77.6387,2024-03-11 16:24:00,491.3
966,12.9716,77.5946,12.9352,77.6245,2024-03-14 22:09:00,235.55
967,13.035,77.5888,12.9716,77.5946,2024-03-11 08:49:00,406.3
968,13.035,77.5888,13.035,77.5888,2024-03-16 02:48:00,303.05
969,12.2958,76.6394,12.9141,77.6387,2024-03-14 11:13:00,421.39
970,12.9352,77.6245,12.8446,77.6636,2024-03-14 02:39:00,302.07
971,13.035,77.5888,12.8446,77.6636,2024-03-14 11:12:00,372.16
972,12.9716,77.5946,12.9352,77.6245,2024-03-12 20:33:00,50.99
973,13.008,77.561,13.035,77.5888,2024-03-16 13:33:00,284.89
974,12.9716,77.5946,12.9716,77.5946,2024-03-12 04:49:00,271.59
975,12.2958,76.6394,12.9352,77.6245,2024-03-13 05:26:00,0.0
976,12.9352,77.6245,12.9352,77.6245,2024-03-14 19:17:00,147.02
977,12.9352,77.6245,12.9141,77.6387,2024-03-11 13:25:00,390.72
978,12.9716,77.5946,12.9352,77.6245,2024-03-15 11:01:00,255.82
979,13.035,77.5888,13.008,77.561,2024-03-16 00:12:00,51.95
980,12.9716,77.5946,12.9867,77.5277,2024-03-16 23:46:00,267.32
981,13.035,77.5888,13.008,77.561,2024-03-16 21:59:00,128.14
982,12.9352,77.6245,12.9352,77.6245,2024-03-14 17:47:00,345.88
983,13.035,77.5888,12.9141,77.6387,2024-03-16 01:39:00,446.63
984,12.2958,76.6394,12.2958,76.6394,2024-03-13 10:42:00,229.04
985,13.008,77.561,13.035,77.5888,2024-03-15 11:39:00,412.16
986,12.9352,77.6245,12.9867,77.5277,2024-03-17 04:31:00,365.01
987,13.035,77.5888,13.035,77.5888,2024-03-16 13:35:00,437.32
988,13.035,77.5888,12.2958,76.6394,2024-03-12 14:51:00,144.37
989,13.008,77.561,12.9141,77.6387,2024-03-11 20:13:00,491.6
990,12.9352,77.6245,12.9141,77.6387,2024-03-11 15:30:00,392.35
991,13.035,77.5888,12.8446,77.6636,2024-03-16 23:08:00,306.79
992,12.2958,76.6394,13.035,77.5888,2024-03-15 03:20:00,413.74
993,13.035,77.5888,12.9352,77.6245,2024-03-10 14:54:00,221.39
994,12.9716,77.5946,12.9716,77.5946,2024-03-12 14:35:00,170.14
995,12.9352,77.6245,13.035,77.5888,2024-03-13 04:25:00,115.89
996,12.9716,77.5946,13.035,77.5888,2024-03-12 15:42:00,389.12
997,12.9716,77.5946,12.9141,77.6387,2024-03-15 11:35:00,96.12
998,13.035,77.5888,12.2958,76.6394,2024-03-16 17:15:00,225.0
999,13.035,77.5888,13.035,77.5888,2024-03-10 20:49:00,466.92
1000,12.2958,76.6394,12.9867,77.5277,2024-03-13 21:22:00,-484.62
